loop_id,point_id,is_hole,parent_loop_id,u_idx,v_idx,u_idx_q,v_idx_q,area_uv,area_uv_q,centroid_u,centroid_v,centroid_u_q,centroid_v_q,length_uv,length_uv_q,loop_flipped
0,0,0,-1,-0.500000,0.000000,-0.500000,0.000000,0.500000,0.500000,0.000000,0.000000,0.000000,0.000000,2.828427,2.828427,0
0,1,0,-1,0.000000,-0.500000,0.000000,-0.500000,0.500000,0.500000,0.000000,0.000000,0.000000,0.000000,2.828427,2.828427,0
0,2,0,-1,0.500000,0.000000,0.500000,0.000000,0.500000,0.500000,0.000000,0.000000,0.000000,0.000000,2.828427,2.828427,0
0,3,0,-1,0.000000,0.500000,0.000000,0.500000,0.500000,0.500000,0.000000,0.000000,0.000000,0.000000,2.828427,2.828427,0
1,0,0,-1,1.500000,0.000000,1.500000,0.000000,0.500000,0.500000,2.000000,0.000000,2.000000,0.000000,2.828427,2.828427,0
1,1,0,-1,2.000000,-0.500000,2.000000,-0.500000,0.500000,0.500000,2.000000,0.000000,2.000000,0.000000,2.828427,2.828427,0
1,2,0,-1,2.500000,0.000000,2.500000,0.000000,0.500000,0.500000,2.000000,0.000000,2.000000,0.000000,2.828427,2.828427,0
1,3,0,-1,2.000000,0.500000,2.000000,0.500000,0.500000,0.500000,2.000000,0.000000,2.000000,0.000000,2.828427,2.828427,0
